,ACC-dev,ACC,ACC-ACT,ACC-Pinyin
"seq2seq (Baseline, mtr=1)",0.7247769389155799,0.7263212079615649,0.7479409746053535,-1
"seq2seq (Pinyin-baseline, mtr=0)",-1.0,-1.0,-1.0,0.7376458476321208
mtr=0.6,0.7292381606039808,0.7268359643102265,0.7501715854495539,0.7427934111187371
